customer_id,trans_date,tran_amount
CS5295,2013-02-11,35
CS4768,2015-03-15,39
CS2122,2013-02-26,52
CS1217,2011-11-16,99
CS1850,2013-11-20,78
CS5539,2014-03-26,81
CS2724,2012-02-06,93
CS5902,2015-01-30,89
CS6040,2013-01-08,76
CS3802,2013-08-20,75
CS3494,2013-07-02,94
CS3780,2013-03-25,80
CS1171,2012-11-03,59
CS2892,2013-05-12,43
CS5552,2014-12-29,78
CS6043,2014-01-15,98
CS4147,2013-07-08,81
CS4655,2013-12-30,93
CS3904,2014-07-20,103
CS4102,2011-07-09,96
CS2086,2013-03-05,75
CS6085,2013-01-09,49
CS1328,2013-02-06,54
CS4564,2012-03-27,48
CS5910,2012-01-01,98
CS2748,2013-03-23,37
CS5147,2013-04-29,72
CS1770,2012-11-02,83
CS3510,2011-10-24,81
CS2509,2011-12-05,105
CS2859,2015-02-27,77
CS1512,2015-02-21,71
CS4148,2013-08-22,48
CS1735,2012-03-31,70
CS1588,2012-01-27,70
CS5514,2013-01-09,36
CS5933,2013-10-07,48
CS2797,2014-03-06,87
CS5313,2012-12-02,88
CS5966,2012-03-09,39
CS5211,2014-05-18,51
CS1511,2015-01-13,47
CS6087,2014-11-24,37
CS5909,2012-02-04,80
CS2845,2013-03-08,105
CS1433,2012-11-05,78
CS4897,2014-04-12,45
CS2296,2012-12-28,79
CS1494,2013-06-29,59
CS3688,2014-06-19,55
CS2287,2011-12-23,94
CS3779,2011-06-26,69
CS1423,2014-06-05,78
CS2501,2012-11-14,59
CS3434,2013-02-22,98
CS2662,2014-08-31,88
CS2209,2012-03-12,35
CS4530,2011-06-05,40
CS2848,2013-02-04,53
CS2596,2011-09-19,55
CS4421,2012-05-20,86
CS4905,2012-04-13,93
CS5704,2011-12-04,79
CS2403,2014-07-27,94
CS5480,2012-01-28,63
CS5811,2013-08-23,91
CS2051,2014-12-09,101
CS3957,2012-08-30,69
CS4704,2014-11-25,41
CS2289,2012-05-19,67
CS5218,2014-06-21,45
CS4637,2011-05-20,71
CS3158,2012-05-06,91
CS4176,2012-07-30,49
CS1939,2011-11-25,101
CS5403,2011-12-01,64
CS5489,2014-12-02,77
CS4563,2011-05-30,101
CS3508,2012-05-23,67
CS2703,2014-10-12,40
CS2596,2013-05-01,76
CS5990,2012-10-19,103
CS4215,2011-07-09,54
CS4811,2012-01-26,77
CS2070,2013-01-30,41
CS3419,2015-01-29,38
CS3668,2014-08-14,102
CS4623,2013-09-27,89
CS4708,2013-07-02,48
CS1816,2013-09-22,64
CS5376,2013-12-08,44
CS4568,2011-11-15,70
CS1779,2012-01-27,53
CS2447,2011-07-10,82
CS1985,2011-08-16,87
CS2544,2011-11-07,64
CS2158,2012-09-11,89
CS5776,2014-09-09,87
CS5653,2013-09-04,98
CS2291,2014-10-15,67
CS6088,2012-10-29,48
CS4245,2014-06-02,102
CS3344,2014-07-02,56
CS1481,2013-12-23,50
CS5400,2011-12-23,56
CS5463,2014-08-27,91
CS5951,2014-08-07,104
CS5515,2012-02-19,41
CS3039,2012-05-01,92
CS1836,2012-03-24,63
CS4320,2014-04-09,52
CS4889,2011-12-01,38
CS1319,2011-09-26,95
CS4859,2015-01-07,50
CS4148,2014-02-08,40
CS5264,2013-04-03,81
CS4041,2014-12-29,49
CS2183,2013-01-04,39
CS2516,2015-02-15,55
CS1890,2012-11-03,37
CS3730,2013-02-11,89
CS5382,2013-03-07,48
CS5970,2014-06-13,40
CS5260,2015-01-30,46
CS2437,2011-11-13,90
CS4675,2011-09-11,67
CS2920,2011-10-11,87
CS2548,2013-09-28,73
CS1818,2011-12-26,46
CS6098,2012-09-28,42
CS2712,2011-12-26,65
CS2714,2011-12-14,69
CS2615,2013-08-17,39
CS5445,2014-07-27,72
CS5812,2014-11-02,62
CS4636,2013-09-22,66
CS3147,2014-06-04,84
CS1273,2012-02-01,91
CS4243,2011-11-11,48
CS2357,2012-04-13,71
CS1776,2014-05-03,79
CS5643,2013-03-02,104
CS4522,2015-03-06,82
CS2418,2015-02-01,51
CS1330,2014-11-21,41
CS1195,2014-12-29,83
CS4306,2015-03-07,54
CS2137,2013-09-29,73
CS3518,2013-06-19,54
CS5835,2011-09-18,52
CS4701,2015-01-15,95
CS4548,2012-06-28,38
CS2384,2012-10-15,35
CS4081,2013-02-17,74
CS5976,2012-01-02,99
CS3874,2011-09-08,44
CS5356,2014-06-17,105
CS4667,2014-09-17,66
CS4328,2012-06-04,56
CS3291,2013-08-02,42
CS4282,2011-09-11,44
CS4331,2011-09-25,70
CS1243,2013-03-17,36
CS2390,2014-05-20,104
CS2207,2014-04-05,71
CS1270,2011-11-18,104
CS1219,2014-11-11,91
CS5427,2012-11-13,96
CS5474,2011-05-18,69
CS5109,2012-05-23,92
CS5287,2015-03-14,94
CS3477,2013-05-05,80
CS3970,2011-12-13,86
CS5760,2011-12-08,59
CS2149,2013-04-04,83
CS4934,2014-07-19,80
CS1517,2013-10-18,89
CS1641,2012-12-29,64
CS2187,2011-11-19,70
CS5359,2014-08-12,96
CS3124,2011-12-08,71
CS1721,2012-08-30,96
CS5212,2015-01-22,42
CS5111,2011-08-23,81
CS3137,2012-04-04,67
CS1511,2015-01-25,69
CS2509,2014-02-23,92
CS5994,2014-01-11,42
CS2613,2013-08-25,103
CS1934,2014-08-18,89
CS3127,2011-10-02,39
CS5225,2014-03-18,104
CS1815,2012-11-17,83
CS3552,2014-04-27,102
CS1893,2013-11-17,42
CS3621,2013-10-26,56
CS4330,2013-07-17,59
CS4991,2013-07-20,90
CS2312,2013-10-22,37
CS2359,2012-06-04,90
CS4798,2012-12-06,84
CS2507,2012-06-28,94
CS1430,2014-09-02,71
CS3787,2013-10-23,48
CS4103,2013-04-14,89
CS2881,2012-09-24,54
CS1854,2011-09-29,74
CS2863,2012-12-23,102
CS5292,2013-09-04,64
CS3184,2012-01-07,88
CS2049,2013-10-07,66
CS2832,2013-07-16,105
CS2251,2013-04-12,99
CS5667,2014-02-25,66
CS1327,2012-02-19,38
CS4927,2013-08-12,37
CS2302,2012-09-09,100
CS3901,2012-09-11,82
CS5762,2013-04-21,85
CS2289,2012-03-13,89
CS2867,2012-02-09,56
CS2359,2014-08-10,87
CS5814,2011-12-12,72
CS5129,2011-06-21,102
CS2597,2012-06-03,42
CS5838,2012-09-01,96
CS5800,2012-04-23,86
CS3786,2013-07-16,66
CS3659,2012-05-19,77
CS4400,2011-09-03,97
CS3026,2012-06-03,55
CS3632,2013-02-10,72
CS1452,2012-03-23,79
CS5140,2014-07-11,97
CS5383,2013-12-29,73
CS4695,2013-09-17,48
CS2368,2012-08-10,66
CS2066,2011-07-15,51
CS5277,2011-07-12,90
CS3025,2011-12-30,72
CS4802,2011-06-25,45
CS6001,2014-02-16,63
CS3981,2014-09-20,74
CS3885,2014-04-29,56
CS5546,2012-08-28,79
CS4964,2014-05-20,79
CS4881,2014-01-21,55
CS4103,2014-03-02,40
CS5884,2012-12-19,97
CS2765,2013-04-18,88
CS4438,2014-07-05,72
CS2234,2014-12-21,36
CS3015,2014-01-30,58
CS3755,2015-01-01,45
CS3927,2014-03-25,77
CS5799,2012-11-08,101
CS5708,2011-06-03,89
CS3695,2013-04-20,51
CS1969,2014-10-23,39
CS3854,2014-11-09,104
CS3416,2015-02-23,57
CS1414,2013-12-01,104
CS4732,2013-03-27,96
CS2493,2012-12-29,85
CS5851,2013-01-19,98
CS1678,2014-05-09,48
CS2049,2013-03-19,36
CS3676,2011-09-27,43
CS4853,2012-03-27,68
CS4292,2014-03-04,98
CS3152,2014-12-15,40
CS5640,2014-01-13,77
CS5857,2012-09-26,85
CS1472,2014-04-12,72
CS3888,2012-02-22,70
CS5563,2013-06-23,70
CS5104,2012-09-17,99
CS6109,2013-11-01,92
CS2352,2014-10-06,62
CS4024,2014-02-01,39
CS1499,2011-12-24,91
CS3071,2012-09-15,39
CS5638,2014-12-16,58
CS5533,2013-05-16,73
CS1961,2012-03-29,75
CS1707,2011-09-15,105
CS3692,2014-09-17,48
CS1275,2011-12-28,102
CS4738,2013-03-20,37
CS3732,2011-06-12,83
CS5676,2013-12-16,44
CS4111,2012-07-26,54
CS2074,2015-01-05,79
CS5815,2015-01-03,92
CS5094,2015-03-07,84
CS5431,2013-01-05,55
CS4540,2014-08-13,55
CS1891,2013-03-25,84
CS4389,2013-03-22,70
CS4412,2012-01-07,47
CS1697,2014-07-13,98
CS2720,2012-04-11,72
CS1152,2012-08-04,71
CS3796,2013-09-14,37
CS6066,2013-08-23,66
CS2643,2014-07-20,69
CS6056,2014-03-22,104
CS3489,2013-01-09,76
CS5229,2011-11-23,58
CS4649,2014-12-16,93
CS4372,2014-08-27,71
CS1790,2012-10-04,100
CS1475,2012-08-20,73
CS2452,2014-04-05,77
CS2781,2011-06-02,51
CS5260,2014-09-25,89
CS5155,2011-12-25,100
CS1582,2014-05-24,46
CS4757,2011-08-19,81
CS6039,2013-10-05,104
CS1580,2012-11-18,87
CS3815,2011-07-05,54
CS6063,2013-04-13,104
CS2226,2014-10-29,104
CS5367,2015-01-08,77
CS4581,2013-06-04,95
CS5004,2014-12-21,59
CS2164,2013-08-06,35
CS4590,2014-05-31,79
CS4600,2011-10-03,50
CS2122,2012-02-20,90
CS3060,2012-08-24,59
CS2217,2013-04-19,85
CS4288,2014-04-21,68
CS1568,2013-05-10,104
CS3442,2014-09-16,39
CS4883,2013-12-24,39
CS4911,2012-02-17,75
CS1533,2012-07-25,86
CS3103,2014-05-07,59
CS2185,2012-01-29,46
CS4094,2013-07-24,100
CS4354,2012-12-29,62
CS1939,2012-07-25,46
CS5516,2012-12-04,75
CS5664,2013-11-02,95
CS5068,2014-11-07,41
CS4376,2014-10-13,49
CS5825,2011-10-22,61
CS1871,2012-01-16,64
CS5046,2015-02-06,86
CS1259,2013-06-30,64
CS5664,2011-09-11,58
CS2986,2011-07-20,67
CS5510,2013-09-02,99
CS2845,2013-01-10,73
CS4077,2012-07-22,90
CS3466,2013-11-04,71
CS1508,2013-10-25,101
CS2469,2014-07-19,93
CS2767,2015-01-03,105
CS5790,2012-03-17,58
CS1710,2013-06-10,100
CS2554,2011-10-05,100
CS5283,2015-02-05,63
CS4050,2014-08-30,63
CS5975,2012-09-08,77
CS4227,2012-10-16,74
CS5983,2011-05-20,47
CS2490,2013-12-04,70
CS1696,2012-12-25,51
CS3209,2014-02-25,82
CS2942,2013-01-08,62
CS4981,2011-10-16,93
CS1397,2014-03-26,77
CS1903,2013-04-15,92
CS3754,2013-11-30,77
CS4763,2011-12-12,78
CS4413,2015-01-17,38
CS2333,2011-08-13,99
CS2798,2012-05-30,100
CS5033,2011-12-13,96
CS1420,2014-09-09,99
CS5132,2011-09-14,74
CS3058,2012-09-03,74
CS3692,2013-09-22,42
CS2463,2012-09-29,55
CS5209,2011-11-11,35
CS4581,2013-11-16,53
CS3424,2013-12-02,85
CS3207,2013-06-27,86
CS5763,2013-01-23,56
CS5772,2012-01-18,97
CS3673,2013-04-29,85
CS2887,2012-03-02,100
CS1596,2011-08-28,66
CS4299,2012-06-17,37
CS1492,2014-02-06,82
CS2313,2014-04-10,40
CS5385,2014-04-25,83
CS3441,2013-11-03,43
CS4701,2014-07-26,53
CS1746,2013-06-21,103
CS3276,2013-07-27,65
CS2555,2012-05-20,50
CS2569,2014-04-29,37
CS3426,2014-05-01,67
CS3052,2013-11-17,67
CS1993,2013-08-08,68
CS4908,2014-09-27,78
CS3021,2014-02-10,43
CS4424,2013-05-16,82
CS4841,2013-05-23,74
CS3486,2012-11-19,75
CS2218,2011-10-11,78
CS4779,2012-04-29,53
CS4226,2013-04-19,100
CS1653,2011-08-30,53
CS2533,2012-03-30,99
CS2905,2012-07-29,47
CS5169,2013-01-25,64
CS5142,2012-11-25,64
CS4390,2014-07-02,43
CS5668,2014-02-27,91
CS2896,2013-01-14,71
CS5156,2013-10-02,58
CS4200,2012-08-12,67
CS4391,2014-09-07,67
CS5408,2013-07-22,78
CS6019,2013-10-25,84
CS3981,2012-07-25,40
CS5925,2013-06-20,66
CS3964,2013-11-14,105
CS4688,2013-05-20,101
CS1343,2012-06-02,57
CS6024,2012-10-14,45
CS2816,2011-12-18,84
CS2434,2012-05-20,41
CS6018,2012-05-18,96
CS2072,2012-07-07,63
CS2897,2013-12-03,83
CS1680,2013-10-14,81
CS1638,2013-08-05,84
CS1165,2012-04-12,101
CS4593,2012-01-04,84
CS3414,2011-11-13,46
CS2252,2013-02-28,58
CS3598,2013-07-30,54
CS3642,2014-05-19,62
CS5948,2014-07-10,71
CS5582,2014-05-23,96
CS6107,2011-07-23,70
CS5201,2011-07-02,79
CS1639,2013-05-05,51
CS5884,2012-11-20,52
CS3515,2014-07-07,81
CS2332,2013-08-29,66
CS5628,2014-12-16,94
CS4830,2012-04-13,78
CS1673,2012-01-04,92
CS4993,2011-06-01,86
CS2603,2013-07-01,58
CS1800,2013-11-20,72
CS3911,2012-06-09,83
CS5465,2011-12-05,77
CS2373,2012-03-29,105
CS1241,2013-03-06,104
CS4244,2013-02-15,48
CS5233,2013-06-05,73
CS5405,2013-12-04,87
CS4115,2011-11-30,73
CS4283,2011-12-23,76
CS4420,2014-05-28,93
CS4779,2013-05-08,41
CS2567,2011-07-15,93
CS3629,2014-09-30,68
CS2026,2013-08-25,66
CS4338,2013-07-05,58
CS4142,2012-05-20,100
CS2837,2012-11-10,88
CS1625,2013-11-05,104
CS4873,2012-11-20,83
CS3376,2012-08-28,39
CS4311,2012-02-27,35
CS1396,2012-09-25,86
CS3779,2014-01-29,92
CS1997,2012-10-09,87
CS4540,2012-05-17,72
CS5299,2012-12-22,90
CS2253,2012-11-21,99
CS6066,2014-03-17,102
CS6077,2012-11-22,44
CS3300,2014-12-28,86
CS5922,2012-03-31,95
CS6009,2014-03-13,39
CS5064,2013-02-19,97
CS2399,2014-04-21,77
CS5547,2012-09-27,73
CS5114,2012-09-23,96
CS3908,2011-11-10,83
CS4194,2013-04-24,92
CS5342,2012-10-15,82
CS5425,2012-08-04,90
CS1991,2014-09-29,94
CS2693,2013-08-27,61
CS5076,2015-01-31,63
CS3177,2011-06-08,87
CS2809,2012-06-02,60
CS3864,2013-12-06,56
CS2515,2011-12-11,51
CS4487,2011-08-25,100
CS3108,2011-08-20,87
CS1133,2014-07-28,91
CS5919,2012-03-04,97
CS6067,2012-09-04,44
CS4893,2013-10-24,66
CS5750,2014-03-25,48
CS1445,2011-11-13,88
CS1710,2011-10-26,52
CS1927,2013-12-23,97
CS5719,2011-07-10,40
CS2591,2014-01-29,69
CS2416,2013-02-13,59
CS1347,2013-02-10,74
CS3073,2015-02-13,95
CS3590,2013-10-23,104
CS4099,2014-05-29,67
CS4109,2012-08-21,40
CS6072,2011-12-20,82
CS3266,2012-11-17,51
CS1433,2014-12-22,72
CS5499,2011-06-23,59
CS1533,2012-07-20,85
CS5405,2012-04-21,91
CS4971,2013-05-28,83
CS5461,2012-02-06,47
CS6088,2013-01-27,82
CS1984,2012-09-04,53
CS1184,2013-01-05,102
CS4346,2012-12-09,65
CS5245,2014-10-29,104
CS5402,2011-11-03,84
CS2765,2011-08-29,61
CS5785,2013-06-20,63
CS5767,2013-05-29,82
CS2753,2012-06-17,63
CS2252,2012-09-04,68
CS5488,2012-06-28,53
CS5354,2014-09-23,83
CS1470,2012-02-11,95
CS1155,2011-10-16,75
CS5565,2014-06-04,36
CS6073,2015-02-07,104
CS2817,2014-06-11,43
CS3210,2011-10-29,57
CS4688,2012-10-16,59
CS4663,2013-02-24,95
CS4539,2012-07-28,35
CS2580,2012-07-09,42
CS3983,2012-10-15,103
CS2771,2012-07-02,67
CS3635,2015-02-03,38
CS1415,2012-01-21,73
CS2294,2015-03-04,94
CS1405,2013-09-18,43
CS1582,2014-01-16,85
CS2886,2013-11-09,38
CS2770,2014-11-07,80
CS1140,2014-12-28,61
CS2333,2014-01-25,93
CS4752,2013-04-20,95
CS5687,2011-07-26,89
CS4895,2014-01-11,80
CS2786,2011-11-28,66
CS1927,2012-05-24,63
CS4327,2014-09-26,36
CS1624,2013-03-30,68
CS5490,2014-08-19,36
CS4395,2012-02-26,66
CS3174,2013-01-25,61
CS2011,2013-06-06,85
CS5553,2015-01-07,98
CS3775,2012-02-23,92
CS2885,2012-11-08,55
CS1206,2014-08-11,90
CS4480,2012-05-23,60
CS1488,2015-02-12,65
CS1456,2013-02-08,95
CS4681,2014-02-03,96
CS3170,2012-10-16,85
CS1906,2014-05-18,60
CS5774,2015-02-28,78
CS6063,2011-09-29,77
CS2223,2014-01-17,41
CS1848,2011-09-27,48
CS2366,2014-04-08,39
CS5335,2014-01-13,45
CS2899,2012-10-12,55
CS4219,2013-12-06,59
CS5690,2015-01-19,82
CS3410,2014-09-06,97
CS1337,2014-07-24,103
CS4954,2012-11-02,82
CS4400,2011-08-23,67
CS3652,2015-02-07,64
CS5677,2013-02-28,93
CS4992,2012-10-21,83
CS3569,2014-08-17,61
CS2442,2014-04-30,59
CS4160,2012-05-15,66
CS5996,2011-11-18,69
CS2345,2011-06-14,60
CS2246,2011-08-10,44
CS2928,2013-07-16,67
CS1740,2014-09-28,102
CS2298,2011-09-12,105
CS5283,2012-12-01,63
CS6084,2013-08-15,64
CS3237,2013-01-22,40
CS4913,2014-07-22,53
CS2104,2014-10-25,81
CS4645,2013-12-02,104
CS1128,2014-04-23,105
CS4639,2012-07-27,39
CS4310,2011-09-13,83
CS3182,2013-01-18,48
CS3347,2012-07-23,38
CS4231,2015-02-23,89
CS4171,2014-10-31,53
CS3137,2013-08-03,92
CS1249,2012-05-23,55
CS3455,2011-10-03,98
CS1235,2012-05-30,56
CS4454,2013-08-27,57
CS3180,2014-03-09,65
CS2930,2014-01-16,94
CS3838,2012-03-23,82
CS1883,2014-10-12,57
CS5148,2012-11-19,72
CS4952,2011-11-21,54
CS5724,2011-11-04,85
CS1447,2012-03-19,104
CS1693,2012-01-28,59
CS4341,2014-03-17,87
CS3598,2012-08-08,72
CS5659,2012-08-02,100
CS5367,2014-12-01,41
CS1501,2013-02-27,65
CS2134,2014-07-15,77
CS3407,2014-09-17,62
CS3343,2014-04-03,56
CS3506,2013-03-12,103
CS2244,2013-05-05,86
CS1243,2012-12-04,70
CS3061,2013-12-02,89
CS4884,2015-02-10,78
CS1590,2014-04-09,39
CS3176,2014-07-28,50
CS5638,2014-11-12,68
CS2122,2012-10-21,83
CS2177,2015-01-30,93
CS3074,2011-05-27,61
CS3433,2012-12-20,99
CS3418,2013-03-02,87
CS5821,2012-06-23,70
CS2231,2015-01-08,74
CS5356,2014-04-01,91
CS5803,2014-11-28,96
CS5611,2014-12-29,65
CS5012,2011-12-31,85
CS4967,2013-04-07,98
CS2522,2014-10-06,85
CS2328,2015-02-20,43
CS3530,2013-05-13,88
CS5034,2014-06-01,39
CS5784,2011-11-21,75
CS3581,2011-08-17,93
CS3011,2014-12-14,83
CS4152,2013-02-12,41
CS5757,2014-02-08,56
CS5557,2012-01-23,82
CS3988,2012-04-17,51
CS3396,2011-12-25,87
CS4393,2015-02-10,54
CS4629,2012-12-21,35
CS3821,2013-07-03,73
CS3460,2011-09-19,77
CS4948,2013-02-18,84
CS3786,2011-10-17,71
CS5468,2012-06-08,50
CS1545,2014-09-16,55
CS4960,2014-02-16,77
CS3555,2013-08-05,103
CS4587,2012-10-31,104
CS1228,2011-09-27,57
CS5126,2012-12-22,49
CS1453,2014-03-23,45
CS5938,2012-11-20,61
CS3135,2012-07-31,49
CS4444,2013-03-29,102
CS5348,2014-12-06,64
CS1416,2012-11-27,100
CS5400,2014-05-07,75
CS2313,2012-12-23,59
CS5187,2012-01-28,42
CS3426,2013-04-02,87
CS2309,2011-05-31,60
CS4564,2013-03-29,94
CS3291,2012-12-30,93
CS2607,2013-02-19,50
CS1882,2014-09-23,104
CS2248,2011-08-17,100
CS4082,2015-02-15,49
CS3181,2014-04-27,62
CS2462,2012-02-25,88
CS2336,2013-09-22,86
CS3235,2012-07-02,43
CS2748,2012-01-11,55
CS3668,2012-08-25,86
CS1296,2014-01-14,61
CS5356,2012-10-12,57
CS4079,2012-08-21,68
CS4864,2014-01-06,73
CS2860,2013-05-24,74
CS4851,2013-04-23,94
CS5761,2015-01-28,102
CS6082,2012-03-02,48
CS3702,2011-05-22,45
CS1512,2013-04-01,54
CS4569,2014-07-03,76
CS2419,2014-07-06,95
CS3942,2013-05-21,64
CS4604,2012-04-07,38
CS6056,2013-02-21,98
CS2592,2013-09-08,73
CS5152,2014-03-30,53
CS4282,2011-06-13,46
CS4509,2012-08-21,93
CS2252,2014-09-23,95
CS3367,2013-08-27,98
CS4980,2012-01-25,64
CS3128,2011-09-03,91
CS3331,2013-06-30,99
CS4166,2012-12-31,104
CS5063,2012-06-20,56
CS5971,2014-01-15,94
CS5060,2013-10-02,38
CS5810,2013-04-30,48
CS2860,2011-08-01,78
CS4490,2014-09-12,37
CS5976,2012-07-22,47
CS4775,2012-07-30,86
CS4174,2012-11-20,51
CS5211,2015-01-13,85
CS3450,2012-10-26,80
CS3945,2012-11-17,80
CS2524,2012-04-12,55
CS3379,2014-10-07,101
CS4349,2012-02-05,87
CS2776,2012-11-01,70
CS1839,2013-11-13,77
CS1322,2013-11-25,84
CS3593,2012-05-25,81
CS1981,2011-05-21,71
CS4054,2011-08-16,99
CS4533,2015-01-21,53
CS2896,2011-12-29,80
CS5616,2013-10-12,37
CS3791,2014-07-03,49
CS1951,2011-05-29,73
CS2473,2013-06-16,81
CS5894,2013-08-17,68
CS1633,2012-12-19,62
CS1977,2013-07-01,38
CS6011,2014-02-21,55
CS6044,2013-10-17,36
CS4951,2013-10-30,90
CS2798,2011-08-02,69
CS2197,2012-09-21,70
CS3011,2014-02-03,65
CS1654,2014-12-16,85
CS2424,2013-12-05,101
CS3530,2014-04-20,40
CS1803,2013-07-18,80
CS4627,2014-06-22,50
CS5154,2012-08-05,78
CS3368,2012-12-04,38
CS2435,2013-12-19,86
CS4353,2015-02-07,75
CS5305,2012-03-14,86
CS3539,2013-06-01,64
CS2087,2012-11-29,52
CS5569,2011-08-07,56
CS5038,2014-11-15,75
CS4895,2013-01-21,43
CS2873,2011-12-26,87
CS5184,2013-02-09,51
CS1930,2013-04-19,76
CS4267,2012-05-20,38
CS5109,2014-08-01,91
CS5778,2012-11-25,65
CS3400,2012-03-02,97
CS2578,2013-09-11,47
CS3374,2011-10-25,49
CS1492,2011-09-11,101
CS4121,2013-01-21,50
CS5623,2015-03-01,100
CS5118,2012-02-26,65
CS3838,2014-08-21,42
CS3713,2013-10-01,50
CS3104,2011-06-12,51
CS4964,2012-04-30,86
CS5534,2014-07-20,40
CS4723,2014-01-01,88
CS3353,2014-12-04,94
CS3789,2014-02-13,102
CS4141,2014-02-04,88
CS1626,2012-12-23,38
CS2653,2012-04-07,81
CS5227,2014-01-13,49
CS4299,2013-06-12,36
CS4675,2011-11-02,85
CS1474,2012-05-29,37
CS4892,2012-05-23,60
CS3864,2014-08-03,78
CS4259,2012-02-05,55
CS4674,2014-12-19,75
CS4904,2014-06-15,60
CS1663,2012-03-15,53
CS4527,2012-12-12,99
CS3886,2012-04-10,85
CS6090,2012-09-26,93
CS5633,2011-07-21,54
CS1971,2013-03-09,39
CS2411,2013-09-26,71
CS2168,2015-01-29,65
CS5716,2012-03-19,100
CS3069,2011-12-15,62
CS4123,2012-10-16,60
CS4310,2014-09-29,61
CS1522,2013-04-21,90
CS6085,2013-09-24,65
CS1425,2015-01-04,83
CS1398,2014-08-02,56
CS3410,2011-07-19,69
CS5930,2014-04-15,35
CS3658,2012-05-28,37
CS1743,2014-04-12,73
CS5345,2014-10-07,84
CS4853,2014-02-12,45
CS4654,2014-04-30,83
CS4355,2014-09-30,77
CS1609,2012-02-02,45
CS3857,2013-11-08,53
CS4790,2013-12-24,103
CS3261,2012-07-31,72
CS5896,2012-09-28,78
CS4499,2012-10-19,46
CS2305,2011-06-10,71
CS4363,2014-10-09,102
CS5777,2011-07-29,97
CS4557,2012-09-29,93
CS5019,2012-11-06,67
CS4285,2015-01-27,38
CS5264,2013-02-13,79
CS3960,2012-05-26,48
CS2263,2013-01-05,96
CS2721,2013-09-21,88
CS3317,2014-02-15,41
CS4849,2011-10-03,73
CS2745,2012-06-21,84
CS3373,2012-11-03,88
CS2287,2013-03-21,59
CS5050,2015-03-03,38
CS3925,2011-11-02,35
CS2528,2013-04-16,102
CS2006,2011-07-12,100
CS1257,2013-03-11,89
CS5855,2015-02-26,63
CS3411,2015-02-28,48
CS5566,2011-11-20,79
CS5050,2013-11-02,97
CS3076,2014-05-23,69
CS2898,2012-07-14,62
CS4839,2011-12-29,57
CS5208,2015-02-14,49
CS2148,2013-08-20,97
CS1306,2012-01-21,72
CS4343,2012-01-31,59
CS2699,2013-11-23,64
CS6005,2013-02-16,52
CS2540,2014-08-28,87
CS2934,2013-04-11,77
CS1791,2014-06-04,78
CS5217,2012-06-15,42
CS2329,2014-02-11,67
CS4724,2012-10-29,97
CS1909,2012-08-26,39
CS3421,2012-06-08,41
CS6025,2014-02-20,77
CS4665,2013-12-27,68
CS3708,2013-11-19,77
CS3359,2013-03-13,39
CS5382,2011-10-29,46
CS4703,2011-05-25,53
CS1433,2014-12-20,99
CS3001,2011-06-19,100
CS4924,2014-08-03,56
CS4136,2014-01-07,79
CS4224,2013-05-12,80
CS1332,2012-07-12,59
CS2962,2014-10-25,71
CS1839,2014-02-06,52
CS6025,2011-09-08,88
CS1903,2012-11-23,91
CS3080,2013-03-27,65
CS2967,2012-12-19,97
CS4084,2015-02-11,53
CS3758,2014-04-02,55
CS2376,2014-05-21,58
CS6101,2011-06-25,71
CS4282,2013-09-28,58
CS3595,2013-02-17,81
CS5043,2014-03-22,85
CS3785,2012-05-02,95
CS5370,2014-10-03,61
CS2269,2014-09-24,53
CS2979,2011-09-29,98
CS3678,2012-09-05,78
CS2927,2012-12-31,84
CS4491,2014-03-09,57
CS1844,2011-11-25,97
CS3683,2013-09-14,38
CS5057,2013-12-04,90
CS2384,2013-08-03,69
CS3655,2012-04-29,91
CS3810,2013-08-21,71
CS5241,2012-10-26,83
CS3890,2011-12-22,47
CS3155,2012-11-06,68
CS3160,2011-09-15,78
CS4573,2012-08-03,37
CS1558,2012-01-25,86
CS2243,2012-01-28,92
CS2209,2012-10-09,67
CS5182,2012-07-28,86
CS6085,2014-09-12,87
CS4462,2012-07-08,70
CS2989,2012-07-15,58
CS1683,2013-08-22,82
CS4418,2012-07-23,79
CS3404,2014-09-21,84
CS3052,2011-12-31,92
CS2618,2014-08-10,90
CS5489,2012-01-22,104
CS1396,2013-03-15,53
CS2904,2012-10-19,46
CS3281,2013-09-07,53
CS4026,2014-12-27,91
CS3249,2012-08-09,35
CS2591,2012-05-17,83
CS5420,2014-05-15,43
CS5721,2013-03-27,97
CS5065,2014-01-02,79
CS1826,2013-04-15,95
CS4578,2013-09-05,98
CS1948,2013-03-05,94
CS3930,2013-06-09,41
CS6096,2011-10-31,103
CS3157,2012-03-20,100
CS2232,2013-01-20,97
CS2502,2014-03-04,91
CS1862,2014-07-16,60
CS4054,2013-06-12,80
CS5791,2012-06-27,36
CS5484,2012-11-04,54
CS1938,2013-07-04,53
CS4203,2012-11-20,79
CS5514,2012-08-18,70
CS1549,2012-05-05,88
CS4587,2013-05-19,46
CS1194,2014-03-24,52
CS2787,2011-10-29,45
CS1583,2013-09-16,84
CS2615,2013-04-29,98
CS3163,2012-06-14,40
CS3250,2011-11-21,72
CS2119,2014-12-09,104
CS5983,2014-09-03,38
CS5531,2011-05-17,58
CS1820,2013-10-17,94
CS5131,2013-04-06,91
CS2512,2014-06-07,88
CS2531,2014-03-08,46
CS5620,2013-06-08,55
CS2913,2012-02-13,55
CS4239,2012-02-17,77
CS4654,2013-07-16,48
CS5942,2011-11-24,101
CS4721,2012-05-03,35
CS2687,2013-12-22,81
CS2305,2015-02-06,58
CS3525,2012-04-29,57
CS3928,2012-04-30,66
CS4043,2011-10-24,84
CS5742,2011-08-16,53
CS3641,2011-10-24,84
CS3071,2012-08-13,51
CS3341,2012-12-13,73
CS4428,2012-05-12,80
CS4074,2011-07-23,81
CS5650,2011-06-14,62
CS3100,2014-05-09,87
CS3332,2014-12-30,81
CS5187,2012-02-26,48
CS5952,2011-06-05,99
CS1471,2011-09-03,58
CS5181,2012-04-03,96
CS1590,2014-09-07,63
CS3819,2014-06-18,36
CS2356,2013-06-05,47
CS2600,2012-10-26,92
CS2311,2013-12-14,38
CS1749,2013-02-25,64
CS1164,2011-09-22,70
CS5367,2011-12-05,70
CS4735,2012-05-01,43
CS3475,2012-02-21,92
CS1255,2011-12-20,49
CS5709,2013-06-06,55
CS5467,2011-05-21,67
CS3568,2014-03-28,83
CS4388,2013-10-21,67
CS3251,2011-10-03,47
CS1959,2013-08-20,96
CS1244,2011-07-14,46
CS4205,2012-12-13,44
CS1201,2014-01-20,98
CS1316,2011-05-21,53
CS4694,2012-07-21,103
CS5703,2012-03-02,63
CS1562,2012-06-06,47
CS3501,2011-08-14,83
CS1233,2012-06-10,93
CS5919,2013-03-05,55
CS6092,2014-01-27,45
CS4782,2013-04-24,84
CS1523,2013-11-24,100
CS5465,2012-09-25,75
CS4716,2011-07-04,37
CS5275,2013-11-04,48
CS2652,2014-08-25,81
CS4237,2012-02-02,35
CS3911,2014-07-29,49
CS4371,2014-01-25,62
CS3165,2014-03-20,62
CS3293,2012-06-14,68
CS4653,2013-02-14,44
CS3431,2011-09-10,44
CS5415,2013-12-10,95
CS2843,2012-05-27,68
CS2729,2011-10-15,54
CS4975,2014-11-06,53
CS5207,2011-12-20,57
CS3782,2013-07-04,46
CS5186,2012-10-23,45
CS4368,2014-07-19,40
CS2269,2013-12-05,36
CS5532,2014-12-27,45
CS3355,2014-04-24,43
CS1551,2012-01-08,98
CS4103,2014-06-19,98
CS5464,2014-11-07,58
CS4086,2013-03-23,43
CS3296,2012-01-21,42
CS4023,2014-02-01,83
CS2685,2013-10-30,96
CS3508,2012-01-26,90
CS1438,2015-02-08,94
CS1399,2012-11-13,45
CS2897,2013-08-06,81
CS3826,2014-03-29,98
CS1527,2014-10-15,104
CS3414,2012-01-13,93
CS2505,2012-10-17,96
CS5482,2013-11-14,68
CS4425,2013-11-16,68
CS1123,2013-10-21,46
CS1442,2014-04-20,89
CS3572,2014-01-17,63
CS5630,2013-06-19,68
CS5522,2012-12-28,79
CS5624,2011-07-05,56
CS3688,2015-03-01,36
CS3511,2012-11-04,86
CS4094,2012-12-27,99
CS3617,2012-09-12,62
CS5387,2013-12-15,77
CS2666,2011-08-26,75
CS1865,2014-12-02,93
CS3701,2011-07-18,76
CS2942,2012-07-07,52
CS5775,2012-11-27,77
CS4873,2011-07-11,54
CS5813,2012-11-05,61
CS3472,2011-08-26,57
CS2026,2012-06-24,64
CS4181,2012-07-23,49
CS3154,2012-06-23,37
CS1752,2014-05-25,68
CS1634,2014-08-15,103
CS3454,2011-07-23,64
CS2678,2011-08-25,43
CS2743,2012-10-01,92
CS5171,2015-03-10,53
CS3807,2012-06-17,98
CS5310,2015-03-09,52
CS1629,2014-09-24,53
CS1900,2013-09-14,41
CS2255,2014-04-24,83
CS1708,2014-08-28,95
CS3607,2011-06-26,73
CS2013,2014-11-20,54
CS2900,2011-11-08,102
CS3336,2012-08-12,53
CS2018,2012-09-02,68
CS4938,2014-05-09,86
CS3408,2014-07-23,35
CS2998,2013-02-08,47
CS6034,2013-01-04,71
CS5522,2014-10-05,82
CS3807,2014-01-02,41
CS1824,2011-10-31,59
CS4067,2013-10-01,90
CS5909,2014-04-23,44
CS3476,2013-10-13,64
CS5157,2013-05-11,96
CS2390,2012-05-24,78
CS4022,2012-11-20,93
CS5444,2013-11-03,72
CS4612,2011-06-11,42
CS3729,2013-09-11,43
CS2427,2015-03-15,89
CS2551,2014-06-18,80
CS3741,2012-03-20,102
CS5779,2013-05-13,93
CS1219,2012-07-29,39
CS3847,2013-01-29,69
CS5992,2013-03-18,71
CS4807,2014-12-22,61
CS2065,2014-05-13,38
CS1803,2014-05-18,87
CS4706,2014-07-31,78
CS5643,2013-07-23,66
CS3477,2012-11-17,55
CS3108,2012-02-18,46
CS2474,2014-08-22,83
CS4630,2014-07-26,68
CS5779,2013-09-03,83
CS2736,2014-11-13,73
CS2287,2011-12-15,76
CS5546,2011-06-04,62
CS1267,2011-08-30,52
CS5311,2012-03-04,53
CS2214,2011-09-24,64
CS3469,2013-07-18,90
CS3029,2012-09-10,55
CS1759,2012-08-01,90
CS3190,2012-08-13,55
CS4375,2011-05-25,41
CS3105,2012-08-24,48
CS5520,2012-09-06,58
CS2275,2015-02-14,44
CS2250,2013-09-22,42
CS3346,2013-02-09,102
CS3978,2012-11-20,79
CS1825,2013-06-06,101
CS2534,2012-10-11,104
CS2382,2012-02-26,91
CS5000,2014-12-25,69
CS3013,2012-03-13,61
CS3205,2013-06-25,100
CS4498,2014-10-12,46
CS1463,2014-11-08,68
CS5444,2011-12-31,41
CS3571,2011-10-08,83
CS2546,2014-05-21,65
CS2789,2013-03-04,36
CS5971,2011-12-22,72
CS1855,2012-01-04,43
CS5860,2011-08-27,44
CS1595,2012-05-06,57
CS4125,2012-05-04,103
CS5751,2014-04-03,75
CS2793,2013-08-31,69
CS5618,2012-12-01,41
CS1614,2012-10-27,51
CS4564,2014-05-13,56
CS1357,2014-06-21,57
CS5050,2012-07-18,76
CS1143,2011-10-03,99
CS4065,2012-08-07,39
CS2277,2013-03-10,54
CS5730,2013-09-27,82
CS4193,2014-08-18,59
CS2401,2013-04-10,38
CS2682,2011-09-08,83
CS4692,2013-11-28,72
CS1811,2013-04-13,53
CS2748,2012-06-13,74
CS2881,2013-05-13,69
CS2317,2012-03-02,69
CS1145,2014-07-08,88
CS5807,2013-04-03,91
CS2736,2011-11-01,94
CS1781,2012-12-10,86
CS4993,2012-10-12,50
CS2988,2013-04-12,67
CS2860,2011-06-22,104
CS4117,2015-01-03,58
CS4637,2012-09-26,81
CS1402,2013-01-23,97
CS1297,2011-11-07,44
CS3504,2013-06-12,71
CS2787,2014-03-11,63
CS5640,2013-11-19,48
CS3889,2012-03-25,96
CS3213,2011-07-14,68
CS3933,2012-10-13,68
CS3159,2012-04-16,97
CS4951,2011-10-14,56
CS1436,2013-12-28,105
CS3822,2012-12-08,65
CS4021,2012-10-31,85
CS3114,2014-07-01,36
CS5115,2015-01-20,50
CS5811,2011-07-05,55
CS2406,2012-10-11,58
CS4485,2013-12-28,40
CS4982,2014-02-23,75
CS5097,2013-02-03,39
CS5374,2014-12-13,59
CS3676,2012-08-29,58
CS4396,2012-01-22,61
CS2243,2014-08-12,76
CS1659,2013-06-08,39
CS2142,2013-08-05,85
CS1639,2014-04-24,75
CS1467,2013-05-26,44
CS4550,2011-05-30,103
CS2597,2012-03-30,79
CS6068,2013-06-19,49
CS4000,2012-07-05,63
CS1335,2012-04-08,88
CS1914,2014-06-13,88
CS4400,2012-03-12,68
CS4187,2013-11-04,90
CS6029,2012-05-26,90
CS1656,2015-01-24,102
CS1921,2012-02-23,83
CS2153,2012-06-08,99
CS1378,2012-03-27,85
CS2480,2011-10-19,35
CS4181,2014-01-31,79
CS5021,2011-12-16,75
CS3548,2012-10-19,105
CS4158,2014-10-14,96
CS3041,2013-05-01,59
CS4244,2011-07-27,96
CS2399,2014-09-03,41
CS3039,2011-12-25,70
CS3812,2014-01-01,50
CS2210,2012-08-28,87
CS1170,2013-03-26,44
CS5859,2011-11-05,78
CS2258,2013-10-12,41
CS4869,2013-10-11,41
CS1530,2012-10-20,84
CS5678,2012-01-11,77
CS2186,2015-01-02,54
CS3442,2014-06-17,50
CS4786,2011-09-15,91
CS5976,2011-10-26,62
CS5095,2015-01-26,69
CS1635,2013-06-28,68
CS1967,2013-04-25,55
CS4116,2011-08-06,59
CS5711,2014-06-25,63
CS4875,2012-11-18,99
CS2748,2011-06-04,100
CS5525,2013-09-27,83
CS5424,2013-06-04,80
CS1954,2013-02-24,46
CS3203,2011-10-13,65
CS5845,2012-06-25,45
CS4362,2013-03-06,35
CS1338,2014-05-02,89
CS4847,2012-08-02,59
CS6055,2012-03-18,73
CS5779,2013-09-20,44
CS3470,2012-12-15,47
CS2328,2013-05-05,56
CS4563,2014-09-28,62
CS3059,2014-06-07,45
CS5212,2012-08-25,98
CS3755,2012-07-20,56
CS1537,2011-12-06,37
CS3234,2012-11-09,56
CS3084,2014-05-19,86
CS2207,2014-06-26,81
CS1217,2012-11-01,46
CS3821,2012-09-28,55
CS3918,2011-12-28,75
CS5287,2011-09-20,35
CS2363,2013-06-01,41
CS5894,2014-01-29,100
CS2127,2011-11-05,63
CS5633,2013-11-19,58
CS5291,2011-05-22,36
CS4198,2014-06-15,61
CS5891,2013-07-31,86
CS2209,2013-05-06,63
CS5160,2011-08-08,94
CS5813,2013-04-22,87
CS4375,2015-02-17,48
CS1356,2014-12-26,66
CS2947,2013-08-31,88
CS2275,2012-05-05,92
CS4172,2013-02-01,84
CS2470,2013-05-26,79
CS1424,2011-10-13,70
CS6056,2014-02-25,78
CS1862,2011-12-18,38
CS3904,2012-03-17,66
CS4179,2012-05-17,35
CS4096,2011-12-24,102
CS5350,2013-05-29,51
CS4731,2013-04-07,52
CS4972,2014-04-10,45
CS5166,2011-07-24,64
CS1836,2013-06-05,88
CS5010,2011-06-29,73
CS2712,2012-06-04,42
CS4276,2013-08-23,65
CS1238,2014-07-17,65
CS4064,2013-03-26,66
CS4804,2015-02-02,61
CS1455,2012-07-10,97
CS1363,2011-10-26,54
CS2167,2011-09-14,90
CS5519,2012-09-24,105
CS2526,2013-05-06,50
CS6017,2011-08-11,85
CS1222,2011-12-12,37
CS1708,2014-08-05,95
CS1286,2014-06-21,76
CS1881,2013-03-08,71
CS5635,2013-10-03,48
CS4952,2011-06-27,74
CS1836,2013-09-17,92
CS2327,2013-01-09,87
CS1443,2013-03-12,98
CS3026,2015-02-10,55
CS5508,2012-12-04,41
CS1783,2011-06-06,81
CS1292,2014-03-16,84
CS2563,2015-03-15,41
CS1203,2012-08-29,99
CS3880,2012-02-01,44
CS3523,2013-09-01,56
CS3016,2012-11-29,74
CS5277,2014-08-30,37
CS3705,2013-08-28,93
CS2027,2013-02-26,52
CS1788,2011-09-01,53
CS2984,2015-01-24,43
CS5851,2011-07-13,58
CS1723,2013-04-30,105
CS4146,2013-04-07,74
CS2946,2015-03-05,57
CS1836,2012-08-19,81
CS4333,2011-09-17,92
CS1855,2014-02-10,85
CS3759,2012-12-31,63
CS4161,2014-09-09,73
CS5203,2012-02-21,46
CS5708,2014-04-08,64
CS5475,2012-11-28,55
CS6091,2014-01-16,48
CS2274,2011-07-31,45
CS3509,2012-02-22,104
CS3251,2011-05-31,60
CS4224,2013-07-22,46
CS3261,2011-06-23,44
CS4584,2013-10-22,64
CS2777,2012-06-08,102
CS2977,2012-03-10,72
CS3786,2012-02-09,91
CS1162,2012-05-25,99
CS4179,2014-12-19,92
CS5248,2011-12-26,59
CS3341,2014-05-17,75
CS3124,2013-12-05,89
CS5009,2013-05-22,92
CS2741,2013-05-31,44
CS5054,2012-04-22,60
CS1257,2013-11-02,75
CS1969,2012-06-20,73
CS1210,2012-12-03,77
CS1996,2012-09-06,81
CS2741,2014-12-17,54
CS3594,2015-01-10,71
CS1357,2012-09-12,78
CS2787,2011-12-23,86
CS2814,2015-02-21,39
CS2375,2014-06-03,39
CS4166,2012-02-28,57
CS3868,2013-06-11,39
CS2432,2014-04-21,58
CS4264,2011-11-10,100
CS2725,2011-10-14,73
CS5100,2012-10-29,62
CS3117,2012-02-06,53
CS4463,2013-07-02,38
CS5567,2013-04-21,84
CS2556,2014-01-20,38
CS3117,2013-12-17,77
CS4613,2014-12-03,62
CS1139,2012-09-10,45
CS4249,2013-06-15,35
CS3784,2012-02-04,101
CS1508,2014-11-10,102
CS5870,2012-08-24,72
CS2186,2014-11-07,59
CS3334,2013-06-13,60
CS2170,2012-06-22,103
CS4415,2012-09-15,79
CS1192,2011-06-19,105
CS2707,2014-10-22,67
CS2691,2013-06-21,48
CS1367,2011-10-23,48
CS4048,2012-10-27,63
CS3161,2014-07-29,74
CS5104,2014-08-18,60
CS1638,2012-08-19,91
CS3637,2014-02-11,54
CS4263,2011-12-09,95
CS3571,2013-05-28,65
CS5268,2012-05-04,76
CS4925,2012-01-06,93
CS1858,2012-08-21,91
CS4010,2015-03-05,85
CS3018,2012-09-30,46
CS6081,2012-09-12,90
CS2179,2011-10-04,79
CS1544,2014-12-24,49
CS6093,2013-02-25,74
CS2914,2013-03-06,41
CS1581,2012-05-03,82
CS5432,2013-06-11,51
CS2784,2013-04-12,44
CS3532,2011-11-17,45
CS5783,2014-07-04,91
CS3277,2012-07-24,94
CS3754,2012-10-31,67
CS2872,2014-12-24,84
CS5260,2015-03-10,73
CS4658,2011-08-04,91
CS2889,2014-05-13,84
CS1425,2013-04-01,36
CS3817,2011-06-07,51
CS2832,2013-05-26,91
CS5097,2011-12-26,35
CS4438,2013-02-26,63
CS2610,2014-05-14,104
CS2743,2013-02-28,64
CS4287,2013-09-28,91
CS1986,2014-04-01,100
CS4066,2012-03-06,59
CS1679,2012-07-22,71
CS3002,2011-12-12,53
CS2476,2012-03-19,61
CS5932,2012-05-07,78
CS2866,2011-10-24,68
CS4722,2014-04-08,101
CS4875,2012-10-04,96
CS3833,2013-04-10,41
CS5936,2012-05-31,50
CS2276,2013-03-28,100
CS4698,2011-06-26,100
CS5513,2013-05-25,95
CS5185,2011-05-17,56
CS4410,2012-09-07,98
CS2191,2013-08-10,60
CS4048,2011-06-06,83
CS1964,2014-12-27,37
CS3657,2014-08-19,41
CS6009,2012-02-23,46
CS4199,2014-10-15,46
CS4697,2012-11-25,55
CS4905,2013-04-07,40
CS3675,2014-09-09,65
CS2236,2013-01-19,36
CS2545,2013-03-01,40
CS3561,2014-12-26,71
CS2316,2015-01-12,61
CS4278,2013-08-20,62
CS5616,2014-05-25,36
CS3990,2013-09-09,71
CS1996,2013-02-13,91
CS1133,2012-04-01,61
CS5141,2011-12-03,71
CS2138,2011-05-29,91
CS1227,2015-01-14,76
CS5434,2013-08-12,103
CS2534,2012-12-22,95
CS1439,2012-04-30,97
CS5802,2015-03-12,102
CS1244,2013-08-21,81
CS4603,2014-08-14,41
CS5783,2013-05-18,49
CS5606,2011-09-04,42
CS1166,2012-01-28,75
CS5154,2014-01-20,48
CS3374,2014-08-26,50
CS4650,2013-05-09,67
CS4676,2014-06-12,61
CS1602,2014-01-31,36
CS1358,2014-11-28,39
CS5495,2012-10-24,98
CS2992,2014-08-17,50
CS5710,2013-11-01,65
CS4566,2014-09-15,98
CS3006,2013-07-22,76
CS1513,2014-09-27,70
CS1851,2013-04-08,39
CS1786,2013-06-24,52
CS2854,2012-10-28,54
CS1819,2013-07-30,90
CS4362,2012-06-29,58
CS2602,2014-02-27,70
CS1161,2012-11-08,55
CS4654,2011-12-10,73
CS5369,2014-12-25,89
CS3564,2013-04-24,76
CS4599,2012-10-31,55
CS5338,2012-01-05,95
CS2414,2014-02-21,103
CS3338,2014-01-24,58
CS5976,2013-05-28,49
CS2712,2013-07-04,78
CS3066,2011-10-16,82
CS4502,2012-03-05,83
CS4723,2011-09-18,105
CS4837,2013-08-04,60
CS4998,2012-08-31,52
CS2043,2014-01-05,93
CS2330,2011-12-18,103
CS5150,2014-09-13,86
CS4663,2013-01-15,38
CS5627,2014-06-13,35
CS4665,2014-06-27,61
CS5941,2013-07-19,47
CS3290,2011-10-27,103
CS5354,2013-05-29,47
CS1160,2014-10-29,39
CS3436,2013-12-19,79
CS2386,2013-12-27,96
CS1848,2013-03-08,91
CS5813,2011-09-29,91
CS3899,2013-03-21,69
CS5501,2011-10-25,79
CS2885,2011-08-05,38
CS4967,2014-09-01,49
CS5755,2014-07-06,51
CS3258,2014-10-30,84
CS3565,2015-02-19,91
CS5529,2011-07-24,92
CS2998,2012-04-14,91
CS2360,2011-10-27,53
CS1386,2012-06-08,36
CS4984,2011-10-30,50
CS2998,2014-08-01,89
CS1955,2012-10-04,61
CS5187,2012-11-03,62
CS3253,2012-04-02,35
CS5282,2012-02-15,50
CS2467,2015-02-03,43
CS1256,2013-09-27,71
CS4039,2011-11-03,103
CS6023,2012-03-12,65
CS1956,2013-05-25,72
CS1549,2015-02-19,81
CS4389,2013-05-02,63
CS5661,2014-05-01,41
CS2777,2014-06-04,71
CS1712,2011-07-18,82
CS2419,2012-05-29,100
CS2912,2014-03-13,40
CS4005,2013-07-12,55
CS1906,2012-06-03,101
CS5407,2014-10-26,42
CS5951,2012-10-28,67
CS5914,2011-09-20,95
CS3020,2011-10-02,100
CS1273,2013-02-21,57
CS1200,2014-03-01,82
CS1754,2011-05-20,86
CS5306,2013-03-30,49
CS2714,2014-12-21,53
CS4415,2014-01-26,36
CS5203,2012-10-31,64
CS1740,2011-07-31,69
CS1736,2013-03-13,97
CS5921,2013-05-07,84
CS4521,2014-07-24,99
CS5603,2013-10-10,93
CS3356,2014-09-29,56
CS4656,2014-06-20,51
CS1348,2013-01-11,41
CS2424,2015-02-14,85
CS3214,2014-02-14,69
CS1723,2012-10-14,101
CS1755,2013-12-19,94
CS5082,2012-01-16,93
CS2286,2011-07-19,66
CS6000,2014-09-15,75
CS5782,2014-04-24,50
CS1421,2013-11-26,98
CS3622,2015-03-03,101
CS2824,2012-05-19,60
CS2292,2014-11-03,64
CS3244,2014-08-08,102
CS1914,2013-04-18,43
CS4955,2014-08-29,62
CS5322,2015-01-22,50
CS5878,2012-06-30,70
CS2831,2012-01-19,37
CS5054,2012-10-29,78
CS3630,2012-04-01,44
CS1783,2013-10-17,75
CS5820,2014-02-03,37
CS2747,2013-02-20,94
CS5101,2011-07-23,49
CS4673,2013-09-09,62
CS1236,2012-01-07,105
CS3055,2014-09-22,76
CS2417,2014-02-20,64
CS2906,2013-08-15,80
CS4912,2011-05-20,69
CS2496,2011-09-01,37
CS3713,2012-02-21,61
CS1874,2012-05-02,78
CS4798,2014-07-04,94
CS3684,2012-01-04,49
CS2205,2012-09-12,92
CS2415,2012-01-10,97
CS1766,2014-03-09,37
CS5330,2014-02-04,39
CS4656,2012-07-07,86
CS1280,2013-07-09,104
CS2495,2014-11-09,39
CS2781,2015-01-17,62
CS5413,2012-08-18,60
CS1772,2015-01-22,90
CS2909,2013-09-27,79
CS4210,2014-07-06,47
CS3325,2012-07-28,105
CS6068,2012-11-08,56
CS3577,2012-10-11,66
CS4885,2011-05-22,36
CS2851,2012-08-26,85
CS5201,2015-02-14,53
CS2738,2013-08-09,41
CS1717,2015-01-26,38
CS3614,2013-09-02,45
CS2513,2014-01-03,65
CS5665,2013-07-04,58
CS5367,2012-10-08,101
CS1879,2011-09-19,82
CS3760,2014-04-29,65
CS4876,2014-03-04,84
CS3161,2014-04-30,45
CS5543,2013-08-06,101
CS5990,2014-09-30,100
CS5901,2013-12-03,71
CS5497,2012-12-09,52
CS2888,2012-02-02,91
CS2189,2014-04-06,47
CS2754,2013-09-09,102
CS4596,2013-10-05,38
CS5349,2011-08-31,41
CS5609,2013-04-19,99
CS5866,2012-07-24,97
CS2249,2014-09-24,51
CS3836,2013-05-14,70
CS1742,2015-01-05,53
CS1560,2014-01-01,83
CS3588,2013-06-15,85
CS3643,2011-09-15,69
CS5251,2014-01-26,44
CS2746,2014-02-17,48
CS4727,2014-11-19,64
CS4360,2013-03-16,104
CS4057,2012-11-20,78
CS4008,2014-10-13,92
CS2164,2011-06-16,79
CS6046,2011-08-17,75
CS2425,2012-05-27,81
CS5248,2014-12-11,77
CS5420,2014-02-12,53
CS1954,2015-03-11,105
CS6041,2012-03-11,70
CS5405,2012-12-07,76
CS1383,2012-05-20,41
CS4981,2012-02-16,72
CS5029,2014-11-24,38
CS3485,2012-05-26,85
CS2459,2013-11-16,54
CS4773,2014-01-30,86
CS4491,2014-08-16,104
CS1250,2014-06-13,78
CS2430,2014-03-16,53
CS2404,2013-08-18,85
CS2434,2012-09-21,75
CS1581,2011-10-07,54
CS2138,2011-10-11,81
CS4073,2011-12-07,57
CS5328,2012-07-02,59
CS4988,2013-08-28,85
CS4209,2014-06-03,81
CS2499,2013-02-18,54
CS4649,2012-03-13,57
CS3730,2013-08-10,38
CS5974,2014-12-02,72
CS5492,2012-09-07,53
CS2622,2014-07-29,79
CS4817,2012-07-10,87
CS4725,2014-09-08,39
CS1951,2011-12-15,40
CS1444,2012-10-20,37
CS3457,2011-09-13,74
CS1752,2012-06-02,99
CS2927,2012-03-27,70
CS3088,2012-05-02,77
CS6004,2013-04-04,80
CS5827,2011-06-23,37
CS3715,2014-02-04,47
CS3045,2013-07-11,85
CS1776,2013-12-09,93
CS1803,2014-07-27,86
CS3063,2011-10-21,87
CS1183,2014-01-31,67
CS2235,2011-08-05,57
CS2127,2014-11-08,102
CS2038,2012-01-22,89
CS1787,2014-06-13,100
CS3037,2014-11-20,81
CS5558,2012-02-20,40
CS2772,2013-02-28,99
CS3903,2011-08-20,36
CS2078,2014-02-15,102
CS2676,2012-03-17,75
CS3829,2012-06-13,53
CS3529,2014-10-19,50
CS2898,2013-06-01,87
CS2386,2012-09-20,100
CS4333,2013-07-13,39
CS2834,2015-02-17,80
CS1583,2012-10-09,105
CS3393,2014-08-25,44
CS3590,2015-01-04,51
CS5240,2011-11-12,37
CS4352,2013-04-16,103
CS4997,2012-08-25,50
CS4081,2013-10-31,90
CS5308,2013-07-23,37
CS5310,2014-05-27,56
CS5290,2011-05-19,50
CS4894,2012-02-18,61
CS4103,2011-10-02,95
CS2116,2015-02-12,71
CS4628,2012-01-26,54
CS4236,2012-01-31,98
CS3775,2013-03-17,96
CS3046,2013-11-20,78
CS3824,2012-01-11,53
CS5291,2014-04-03,40
CS3034,2013-11-13,36
CS3903,2013-08-25,99
CS2971,2011-06-01,57
CS3645,2013-03-21,61
CS3239,2013-12-11,67
CS3662,2015-02-04,74
CS3691,2014-04-02,76
CS1185,2012-03-02,104
CS3481,2012-09-17,44
CS3615,2013-07-11,75
CS6057,2012-05-08,44
CS2326,2011-08-17,63
CS4777,2013-10-22,40
CS5672,2014-01-05,77
CS4475,2014-02-08,54
CS3507,2011-12-16,53
CS5807,2012-04-26,100
CS2342,2014-05-15,62
CS3308,2012-01-04,72
CS4496,2012-09-18,58
CS4203,2012-02-11,84
CS3347,2013-09-29,103
CS5237,2014-08-29,57
CS1751,2012-12-29,62
CS1665,2014-06-14,86
CS5331,2013-06-03,98
CS3438,2014-08-28,73
CS4576,2014-09-29,103
CS5672,2011-08-26,47
CS3376,2014-09-12,41
CS5373,2012-06-14,98
CS4860,2013-07-25,59
CS4022,2013-05-29,66
CS1547,2012-03-13,104
CS2039,2012-05-10,89
CS5876,2012-05-21,70
CS4572,2013-09-23,43
CS1997,2013-01-11,57
CS3518,2012-12-09,57
CS3984,2014-03-17,51
CS5732,2014-10-12,48
CS4496,2014-06-21,47
CS5921,2013-11-02,88
CS3776,2011-09-30,74
CS3239,2014-01-20,46
CS4398,2013-04-25,98
CS6021,2014-06-25,36
CS2801,2013-08-30,42
CS3408,2011-06-27,62
CS5782,2013-11-07,85
CS3013,2012-01-29,43
CS5060,2014-02-23,83
CS3970,2013-10-10,41
CS5871,2011-10-19,39
CS1717,2012-08-22,42
CS6054,2014-06-04,88
CS5454,2011-08-16,99
CS2514,2014-02-07,94
CS3013,2014-07-07,76
CS4846,2012-11-14,48
CS3066,2013-07-08,80
CS1455,2011-12-23,42
CS4013,2011-10-04,93
CS4551,2014-11-09,65
CS1876,2011-10-31,81
CS1283,2013-07-03,73
CS5121,2015-02-08,69
CS4999,2012-06-27,66
CS5131,2012-07-23,44
CS4381,2013-06-24,72
CS4209,2013-08-14,80
CS5399,2011-11-04,63
CS4832,2011-07-24,48
CS2826,2012-03-06,73
CS5381,2012-06-04,75
CS2863,2012-07-26,88
CS2685,2012-01-23,86
CS2665,2015-01-09,82
CS5717,2013-05-11,77
CS4793,2011-10-10,75
CS5146,2014-01-13,54
CS2302,2013-05-01,48
CS4027,2011-06-16,37
CS5617,2013-12-10,66
CS2560,2012-07-01,70
CS4519,2011-10-28,101
CS5510,2012-06-02,100
CS4758,2014-01-18,79
CS5945,2014-12-06,88
CS2661,2013-08-30,81
CS1468,2015-02-08,58
CS1185,2012-11-23,57
CS3433,2015-02-19,91
CS4216,2014-05-20,81
CS3372,2011-08-26,42
CS4971,2014-08-02,56
CS2528,2012-10-21,82
CS4897,2012-01-31,69
CS5649,2013-12-30,39
CS5190,2015-01-31,69
CS1299,2014-07-01,80
CS2622,2011-05-20,35
CS1676,2013-07-06,95
CS1310,2011-11-02,53
CS5656,2012-11-16,74
CS4758,2013-04-23,62
CS3140,2012-11-11,56
CS4460,2013-04-21,55
CS3839,2014-04-08,90
CS1612,2013-04-21,66
CS4149,2011-06-02,51
CS3865,2014-01-19,98
CS4621,2013-04-02,95
CS6012,2013-12-22,43
CS1984,2013-02-19,38
CS2983,2014-09-10,36
CS5843,2013-08-11,104
CS4678,2012-07-03,37
CS2149,2011-10-31,76
CS3203,2014-11-26,87
CS3235,2014-09-21,55
CS1324,2014-08-19,40
CS2389,2011-06-14,74
CS3950,2013-05-31,97
CS4691,2012-08-08,65
CS5473,2013-07-28,49
CS1712,2012-03-14,86
CS1594,2014-12-25,99
CS5725,2012-10-12,39
CS4271,2014-09-23,50
CS1418,2014-07-26,90
CS1599,2014-04-17,36
CS2544,2014-03-26,83
CS3418,2013-12-17,45
CS3548,2014-08-11,55
CS5847,2013-03-05,38
CS6097,2014-05-03,37
CS2523,2012-07-22,90
CS3192,2013-07-23,84
CS1569,2013-03-10,102
CS2688,2011-11-13,35
CS3394,2014-04-09,105
CS5396,2012-05-13,76
CS5988,2011-10-02,60
CS5406,2012-08-30,63
CS2600,2013-02-05,83
CS4445,2013-08-05,90
CS2146,2014-03-06,54
CS4339,2015-03-10,52
CS1302,2012-02-09,77
CS1474,2011-08-07,73
CS1652,2012-07-06,74
CS4083,2012-03-16,100
CS5472,2011-11-24,49
CS3232,2011-12-12,72
CS6067,2012-07-31,65
CS1330,2013-07-20,97
CS2138,2014-11-07,68
CS2920,2012-07-29,84
CS4504,2012-02-07,53
CS5275,2012-01-31,83
CS5398,2012-01-03,84
CS5087,2012-07-21,55
CS3420,2014-10-13,76
CS3400,2014-02-15,48
CS1828,2013-05-08,53
CS3151,2011-11-02,39
CS1564,2014-12-21,77
CS3207,2014-04-03,59
CS1275,2013-05-28,76
CS4836,2011-06-26,59
CS3823,2013-10-22,47
CS3930,2013-03-28,71
CS1377,2013-12-21,98
CS3082,2012-04-18,61
CS1420,2012-08-04,60
CS3218,2011-10-16,47
CS3954,2012-01-31,49
CS3450,2011-06-24,70
CS5477,2015-03-02,78
CS2791,2015-01-14,55
CS3264,2014-05-04,97
CS3363,2014-08-01,85
CS2038,2014-11-06,52
CS3191,2012-01-27,47
CS1206,2011-08-30,67
CS6100,2012-05-17,97
CS2108,2013-07-26,50
CS5564,2011-07-28,82
CS3969,2012-09-10,75
CS5015,2013-12-16,86
CS4944,2014-08-24,104
CS4329,2012-03-15,83
CS3501,2011-07-07,42
CS1894,2011-07-09,98
CS3893,2012-10-08,64
CS2862,2011-11-26,73
CS2163,2014-02-01,40
CS4598,2013-08-02,83
CS4660,2011-07-07,86
CS5257,2014-08-08,47
CS4661,2011-10-26,59
CS1829,2013-06-12,57
CS4182,2013-05-09,56
CS1912,2013-12-10,81
CS4371,2011-06-18,61
CS2600,2014-07-26,48
CS2489,2013-10-14,57
CS2328,2012-09-19,58
CS2188,2012-02-04,51
CS2613,2013-04-13,77
CS3014,2013-06-15,94
CS5653,2013-10-21,58
CS3283,2014-09-10,40
CS2992,2011-12-23,87
CS2300,2014-02-26,46
CS1817,2013-12-30,92
CS5334,2013-12-20,38
CS3377,2011-12-08,98
CS1246,2013-07-10,95
CS2832,2012-01-27,83
CS3285,2013-08-19,81
CS5082,2013-07-09,88
CS3293,2012-07-01,37
CS6046,2014-11-03,65
CS3133,2014-04-03,42
CS5524,2013-11-27,90
CS2453,2012-05-02,51
CS5761,2012-05-05,35
CS1160,2011-11-07,67
CS5867,2013-04-26,97
CS3324,2014-06-26,85
CS2668,2012-04-24,61
CS2536,2014-03-17,95
CS3739,2011-06-16,55
CS1260,2013-03-14,35
CS5254,2012-04-19,40
CS3000,2014-08-14,41
CS5401,2014-01-04,75
CS2469,2014-12-29,70
CS5183,2013-11-24,62
CS2949,2012-05-18,102
CS6108,2011-07-21,87
CS2070,2011-11-24,85
CS4974,2012-10-11,69
CS1982,2015-01-18,92
CS1244,2013-06-24,65
CS3703,2014-09-08,70
CS4738,2014-07-13,41
CS5142,2012-02-13,70
CS4829,2013-03-26,71
CS5362,2013-06-28,104
CS3675,2014-11-20,82
CS5193,2013-07-19,71
CS4191,2012-02-17,89
CS3897,2011-08-02,87
CS3381,2014-09-13,56
CS3628,2011-07-24,79
CS1762,2011-07-06,55
CS3936,2012-02-05,47
CS4069,2012-02-20,75
CS3213,2014-04-08,62
CS1178,2014-02-18,47
CS2681,2013-07-07,52
CS1288,2014-07-01,50
CS2296,2015-01-19,98
CS3702,2011-11-11,105
CS1424,2014-06-07,49
CS4586,2011-09-25,70
CS5366,2012-11-22,57
CS3702,2014-02-03,58
CS3990,2014-12-03,65
CS3898,2011-07-12,89
CS1261,2014-12-19,40
CS2496,2013-01-17,55
CS5713,2011-08-11,39
CS1122,2011-07-19,75
CS2308,2012-05-16,104
CS1231,2012-05-12,71
CS1735,2014-04-23,40
CS2119,2015-01-09,104
CS1561,2013-07-03,75
CS1179,2013-08-21,103
CS5009,2013-09-30,47
CS1795,2014-08-30,54
CS5216,2013-05-02,40
CS3020,2014-01-21,49
CS2177,2011-10-11,53
CS4252,2013-05-27,100
CS4392,2012-12-08,65
CS2442,2014-12-05,75
CS2946,2012-11-09,81
CS2954,2014-02-08,86
CS2378,2014-02-01,102
CS2669,2012-07-07,62
CS5986,2015-02-03,47
CS3469,2012-05-24,48
CS5472,2011-10-14,104
CS3348,2015-02-23,67
CS2118,2014-05-22,69
CS2352,2013-07-21,84
CS4095,2011-11-22,86
CS4382,2014-08-31,41
CS3161,2014-07-30,56
CS2725,2014-07-16,50
CS5278,2014-12-08,81
CS5310,2013-01-12,104
CS4966,2014-08-07,40
CS1879,2014-12-25,90
CS2703,2012-04-12,52
CS4582,2013-05-15,104
CS2953,2011-11-21,93
CS4320,2011-07-23,67
CS2309,2011-08-22,76
CS4193,2014-08-01,74
CS3102,2011-07-25,94
CS4657,2011-06-24,53
CS1541,2013-06-06,41
CS5569,2013-12-22,93
CS1183,2012-03-01,99
CS2414,2012-07-16,101
CS3098,2012-02-15,37
CS3621,2013-06-15,35
CS5408,2012-08-24,97
CS6098,2015-03-12,88
CS4317,2013-04-27,98
CS6083,2013-08-31,75
CS1486,2012-10-02,98
CS1719,2013-09-30,51
CS3529,2013-04-23,38
CS2383,2013-09-22,46
CS5800,2012-08-17,99
CS2736,2012-08-01,84
CS2065,2015-03-07,76
CS1351,2011-12-24,94
CS2429,2011-07-13,45
CS1712,2014-06-12,82
CS5380,2013-04-12,104
CS4835,2015-02-12,59
CS5850,2012-03-30,36
CS5767,2013-05-25,86
CS3980,2014-03-30,57
CS5669,2014-03-11,71
CS5111,2011-10-22,66
CS1527,2012-08-22,55
CS2886,2014-04-01,69
CS4703,2013-06-08,93
CS3187,2012-09-03,50
CS4065,2012-08-22,68
CS4957,2014-08-31,40
CS1598,2012-08-18,77
CS4371,2012-07-17,57
CS5969,2011-12-04,47
CS2732,2012-09-29,49
CS4563,2014-03-21,92
CS2269,2013-11-10,59
CS5220,2013-07-18,94
CS4649,2013-07-03,86
CS5677,2012-02-19,43
CS2154,2014-09-08,71
CS5747,2012-06-19,51
CS4786,2011-10-26,40
CS5898,2014-06-14,56
CS1423,2013-02-16,43
CS3707,2014-01-29,36
CS4588,2013-11-19,75
CS5556,2011-08-18,103
CS3367,2014-11-17,66
CS6068,2012-03-21,91
CS3164,2013-01-14,64
CS2839,2012-10-29,93
CS4571,2013-03-06,35
CS4983,2015-02-03,64
CS4069,2011-06-10,51
CS2571,2015-02-04,83
CS4784,2011-06-25,87
CS2220,2014-10-15,56
CS3547,2011-10-19,67
CS4923,2011-11-01,57
CS4862,2011-06-08,40
CS3444,2015-01-12,74
CS3820,2013-09-18,35
CS5437,2014-12-24,55
CS4109,2014-09-27,46
CS4583,2011-08-03,37
CS4386,2012-07-22,67
CS5056,2012-09-03,69
CS2085,2013-05-30,46
CS2263,2012-01-31,51
CS5256,2013-02-12,56
CS1780,2014-09-30,81
CS5605,2013-04-17,39
CS5142,2012-10-15,36
CS3024,2011-09-22,70
CS5988,2014-09-07,55
CS5984,2013-05-25,102
CS5777,2012-11-01,54
CS2156,2012-06-06,49
CS1838,2015-01-04,74
CS2798,2011-05-22,62
CS3052,2014-11-15,80
CS2961,2014-02-07,104
CS3217,2012-07-10,92
CS3260,2014-02-17,103
CS4112,2012-08-04,92
CS1644,2013-07-09,58
CS2117,2015-02-19,53
CS5603,2013-01-10,87
CS4355,2013-04-14,80
CS5867,2012-11-10,82
CS3442,2011-05-22,102
CS6103,2012-08-27,53
CS4007,2013-01-16,42
CS5552,2014-01-28,41
CS1943,2014-01-14,101
CS2628,2015-02-12,94
CS4678,2012-04-21,62
CS1927,2013-12-06,64
CS3356,2014-02-27,96
CS1157,2012-07-25,46
CS4739,2014-11-22,41
CS4355,2014-01-22,60
CS5741,2014-09-04,95
CS4625,2014-07-14,70
CS2975,2014-08-10,51
CS6048,2011-06-03,60
CS3281,2013-06-01,69
CS5207,2011-06-26,71
CS3448,2011-11-18,58
CS5011,2012-03-31,68
CS5285,2013-09-14,56
CS3256,2012-04-05,93
CS4812,2014-11-22,101
CS4953,2014-02-28,90
CS2363,2014-01-27,43
CS3160,2013-07-19,63
CS4752,2013-11-06,68
CS2895,2012-09-23,79
CS4338,2012-02-02,104
CS2127,2011-11-25,55
CS3012,2011-07-12,53
CS3789,2014-04-13,64
CS2996,2014-11-28,41
CS2946,2013-06-25,83
CS1259,2011-10-27,85
CS4549,2013-07-15,103
CS1461,2013-02-15,96
CS4050,2014-11-17,40
CS2095,2012-09-24,98
CS1208,2014-05-11,90
CS4854,2012-01-22,38
CS3975,2011-08-21,41
CS4419,2011-08-18,100
CS4417,2013-05-15,84
CS3547,2012-03-01,62
CS1588,2014-06-15,70
CS5360,2011-08-18,54
CS3883,2014-11-12,62
CS5428,2012-12-06,99
CS2494,2013-04-03,56
CS2772,2013-04-09,100
CS4403,2011-06-03,60
CS4193,2011-09-13,58
CS4532,2013-03-04,99
CS2030,2013-11-05,62
CS2818,2013-09-02,57
CS5747,2011-06-21,41
CS3013,2015-02-19,105
CS5863,2012-02-21,88
CS4484,2014-07-03,78
CS3517,2014-09-12,77
CS4516,2012-11-18,78
CS1506,2012-07-24,98
CS2852,2013-05-27,97
CS1290,2012-08-27,92
CS4071,2013-08-19,95
CS3608,2011-06-14,59
CS4192,2012-04-04,73
CS5359,2014-11-08,88
CS2130,2012-10-26,77
CS3418,2012-08-12,105
CS3647,2011-09-04,80
CS4932,2013-08-30,44
CS5661,2012-05-06,67
CS2758,2015-02-19,46
CS4000,2012-05-21,86
CS2800,2012-03-23,63
CS2934,2014-10-19,58
CS5810,2013-07-08,64
CS4720,2012-01-10,88
CS5965,2013-12-07,77
CS5471,2012-10-08,56
CS2851,2012-08-27,80
CS3511,2011-07-28,103
CS2699,2014-07-10,60
CS1825,2014-07-10,82
CS4416,2014-06-14,77
CS5361,2014-09-10,83
CS1938,2015-02-21,49
CS4855,2015-01-27,56
CS3981,2013-01-17,76
CS1364,2011-07-21,49
CS5444,2011-07-29,75
CS4869,2014-12-22,76
CS2824,2014-10-17,94
CS4673,2012-03-18,85
CS4676,2012-11-10,92
CS1620,2013-06-18,80
CS3081,2014-10-21,85
CS1519,2012-07-19,98
CS4628,2011-08-05,53
CS5945,2013-08-29,90
CS3690,2012-03-05,101
CS2483,2013-05-23,77
CS4657,2012-06-06,73
CS5354,2012-11-07,84
CS3170,2014-07-10,44
CS4708,2014-11-28,87
CS4161,2013-03-10,80
CS5163,2013-07-25,46
CS3592,2014-07-17,48
CS1878,2013-11-07,73
CS3927,2014-04-29,84
CS5359,2014-01-23,96
CS3699,2013-07-03,37
CS3270,2013-05-20,38
CS1788,2013-06-29,46
CS2234,2014-07-05,89
CS5807,2014-02-19,95
CS1567,2011-08-30,98
CS2846,2013-06-16,86
CS2529,2014-09-26,71
CS4195,2012-12-18,81
CS3631,2012-07-26,38
CS1609,2013-09-06,64
CS1176,2013-04-25,90
CS2829,2012-06-17,38
CS5067,2014-08-11,68
CS5610,2012-02-27,87
CS1926,2012-08-18,102
CS3224,2011-12-03,98
CS4573,2011-06-04,104
CS1704,2011-10-01,75
CS3227,2013-08-20,58
CS4303,2013-06-27,63
CS5347,2014-02-21,58
CS3155,2013-03-12,38
CS4376,2014-10-16,55
CS3406,2014-07-22,38
CS4537,2013-06-29,63
CS1767,2012-01-09,77
CS4948,2011-06-21,38
CS3911,2013-02-11,60
CS1568,2014-11-25,78
CS1216,2014-08-04,79
CS4903,2013-11-01,60
CS1708,2014-08-16,72
CS1959,2014-11-15,60
CS5755,2013-10-18,47
CS2568,2015-01-07,46
CS4640,2014-10-05,94
CS2574,2014-10-31,61
CS4846,2012-10-16,83
CS4423,2013-02-09,37
CS2211,2012-01-03,56
CS2406,2011-12-16,45
CS6103,2013-11-24,82
CS2057,2015-02-23,50
CS1740,2012-07-08,45
CS3304,2013-09-05,70
CS5251,2011-07-25,35
CS4401,2013-03-18,67
CS3031,2013-09-27,81
CS1616,2011-06-14,35
CS4560,2013-03-22,80
CS5557,2011-06-12,88
CS3403,2012-01-02,56
CS5586,2014-01-05,48
CS2990,2013-08-10,75
CS2175,2014-06-25,47
CS1202,2011-11-25,48
CS4952,2012-01-31,75
CS4207,2013-12-14,55
CS4914,2011-06-04,74
CS3003,2014-01-02,62
CS4909,2012-10-22,66
CS2599,2014-03-08,36
CS1127,2011-12-06,82
CS2822,2014-03-09,43
CS4792,2013-05-31,100
CS1585,2013-08-10,85
CS1992,2012-09-27,78
CS2934,2013-01-04,80
CS1429,2014-11-04,94
CS5923,2013-12-25,64
CS4484,2014-04-01,95
CS5037,2012-01-27,93
CS3712,2012-02-04,77
CS2419,2013-07-29,53
CS3359,2012-11-03,65
CS4392,2011-11-22,70
CS1991,2014-08-31,54
CS3697,2014-09-23,45
CS5502,2013-12-01,39
CS1891,2011-06-07,88
CS2521,2013-05-12,100
CS1308,2012-07-25,41
CS1720,2013-05-14,61
CS5824,2012-05-06,70
CS3558,2013-01-20,47
CS5035,2013-03-02,68
CS5760,2013-07-26,40
CS3015,2011-08-27,83
CS5453,2012-07-17,60
CS2930,2012-08-02,61
CS4929,2012-11-02,53
CS3004,2012-10-16,74
CS4313,2011-12-19,63
CS2934,2013-01-19,47
CS1243,2013-07-21,59
CS2399,2011-06-01,83
CS4639,2013-07-08,76
CS5018,2014-08-21,96
CS4662,2013-09-07,40
CS3715,2013-10-25,103
CS3805,2011-10-12,48
CS4201,2013-05-17,48
CS1251,2013-05-20,62
CS5862,2014-10-18,83
CS1974,2013-07-26,47
CS2705,2014-01-21,103
CS5162,2013-04-30,43
CS3783,2012-02-27,49
CS4766,2012-06-28,69
CS5835,2014-12-23,92
CS4646,2012-07-13,103
CS2912,2012-09-27,77
CS2031,2012-01-08,84
CS1861,2013-02-04,45
CS3274,2014-12-17,79
CS5362,2014-10-18,89
CS1797,2012-04-24,95
CS4829,2013-09-13,57
CS4360,2014-08-10,69
CS5687,2011-07-01,38
CS5309,2012-10-10,37
CS2194,2012-09-22,49
CS5973,2014-06-19,55
CS1853,2013-05-13,61
CS1959,2013-12-22,45
CS2522,2014-04-30,95
CS2122,2012-10-22,91
CS2944,2014-07-07,100
CS4883,2012-12-24,64
CS2992,2014-09-28,40
CS1286,2011-10-29,38
CS1370,2011-11-06,36
CS4213,2014-04-21,51
CS3914,2014-03-13,97
CS3247,2012-01-20,100
CS5002,2013-12-21,88
CS5385,2013-08-09,39
CS2797,2013-11-05,63
CS3112,2011-05-26,35
CS3334,2015-01-03,75
CS3600,2014-05-12,66
CS4642,2011-08-25,67
CS3631,2013-03-07,63
CS5606,2012-09-09,78
CS4891,2012-05-24,73
CS5523,2011-07-24,39
CS2604,2013-03-01,50
CS4277,2014-03-30,61
CS5750,2014-07-13,64
CS2723,2012-06-22,61
CS2620,2013-04-27,38
CS5560,2014-03-29,72
CS3520,2011-07-10,74
CS3888,2015-02-18,42
CS3153,2012-01-03,69
CS2913,2013-04-03,82
CS1463,2014-01-09,57
CS1706,2012-01-08,59
CS5968,2014-04-28,93
CS1391,2014-05-15,48
CS5159,2012-05-06,89
CS1363,2012-10-07,87
CS2975,2012-09-07,100
CS5070,2014-09-14,80
CS4908,2013-05-20,45
CS2805,2012-11-24,47
CS4844,2014-05-25,72
CS5990,2014-10-19,89
CS5057,2014-04-10,105
CS1362,2011-10-24,78
CS2180,2014-04-07,69
CS3384,2014-07-25,83
CS3808,2014-12-08,92
CS3963,2013-06-15,66
CS3715,2013-06-22,96
CS1619,2012-07-09,56
CS6056,2012-06-29,66
CS6106,2012-05-16,49
CS2729,2014-09-19,72
CS1575,2015-01-18,62
CS3359,2013-05-26,70
CS1852,2012-05-06,98
CS1431,2011-12-27,59
CS4871,2014-03-03,80
CS3290,2012-10-15,73
CS5643,2013-03-26,36
CS4932,2013-12-03,78
